pleas,233
not,232
what,230
servic,227
there,218
out,217
if,215
im,215
time,212
need,208
love,207
us,203
an,203
now,198
ani,195
no,180
would,178
go,178
how,176
when,171
all,171
up,170
guy,166
custom,166
got,162
amp,162
know,162
airlin,160
book,160
make,158
today,156
am,154
travel,152
good,151
back,149
as,149
ticket,148
dm,148
they,146
or,145
like,144
chang,142
follow,141
way,140
cancel,136
see,135
about,135
much,134
one,134
seat,134
look,133
work,132
plane,130
check,129
tomorrow,128
new,128
best,123
fleek,120
fleet,118
gate,110
use,110
day,107
bag,106
airport,104
awesom,103
first,103
take,103
had,101
home,101
appreci,100
by,100
did,100
hi,99
tri,99
hope,98
ha,98
more,98
ye,97
unit,97
were,95
been,94
board,93
she,93
cant,93
crew,92
well,92
still,91
want,89
next,89
delay,88
sent,88
number,87
trip,86
amaz,86
aa,85
dont,85
could,85
email,84
call,83
onli,83
wait,82
veri,82
after,82
weather,81
u,80
made,78
who,78
whi,77
too,76
last,76
ill,75
respons,74
morn,73
right,73
tonight,72
some,71
should,71
let,70
problem,70
here,69
her,69
destinationdragon,69
reserv,69
sure,68
nice,67
off,67
agent,67
come,66
rt,66
realli,66
connect,65
again,64
even,63
year,63
thx,62
say,62
think,62
free,61
he,61
doe,61
through,61
give,60
upgrad,60
flightl,60
them,60
phone,60
left,59
week,59
show,58
class,58
keep,58
confirm,58
ua,58
name,58
pass,57
then,57
hour,57
other,56
southwestair,56
done,56
land,56
anoth,56
ok,56
into,56
final,56
vega,55
jfk,55
passeng,55
start,55
southwest,54
dfw,53
attend,52
via,52
send,51
befor,50
tweet,50
mile,50
yall,50
staff,50
alreadi,50
issu,50
miss,49
alway,49
long,49
better,49
over,49
leav,49
updat,48
snow,48
air,48
late,48
chanc,48
peopl,48
open,48
job,48
abl,48
two,48
team,47
their,47
st,47
lax,46
add,46
imaginedragon,46
la,45
airway,45
offer,45
tell,45
ever,44
thing,44
ive,44
pilot,44
th,43
question,43
deal,43
wonder,42
id,42
than,42
info,42
care,42
someon,42
rock,41
earlier,41
credit,41
same,41
repli,41
sfo,41
happi,41
where,41
experi,41
friend,40
never,40
didnt,40
down,40
ask,40
americanair,39
point,39
night,39
baggag,39
quick,38
possibl,38
direct,38
also,38
statu,38
though,38
oh,37
flt,37
chicago,37
twitter,37
soon,37
arriv,37
those,36
few,36
mani,36
refund,36
app,36
rebook,36
anyth,36
happen,36
kid,35
find,35
onlin,35
bring,35
fee,35
hold,35
worri,34
card,34
dalla,34
phl,34
forward,34
ceo,34
rout,33
avail,33
big,33
contact,33
intern,33
minut,33
boston,33
san,33
american,33
hear,32
newark,32
provid,32
busi,32
receiv,32
lol,32
w,32
pay,32
month,32
denver,31
pm,31
current,31
schedul,31
b,31
depart,31
request,30
cool,30
everyth,30
companion,30
polici,30
someth,30
return,30
wifi,29
voucher,29
plan,29
ago,29
due,29
famili,29
allow,29
world,29
put,29
may,28
wish,28
earli,28
instead,28
clt,28
share,28
run,28
yet,27
mean,27
said,27
bo,27
dc,27
wall,27
bad,27
these,27
date,27
atlanta,27
glad,26
lot,26
expect,26
away,26
employe,26
hey,26
old,26
dca,26
far,26
second,26
kudo,26
sorri,26
actual,26
move,25
nashvil,25
account,25
person,25
sinc,25
award,25
sit,25
ord,25
carri,25
site,25
found,25
doesnt,25
departur,25
fare,24
safe,24
both,24
luv,24
lost,24
dragon,24
dure,24
member,24
differ,24
option,24
assist,24
passbook,23
websit,23
haha,23
head,23
took,23
win,23
everi,23
excel,23
told,23
swa,23
messag,23
termin,23
becaus,23
c,23
iad,23
understand,23
littl,23
excit,22
austin,22
watch,22
thought,22
talk,22
save,22
pick,22
d,22
yesterday,22
mayb,22
club,22
virginamerica,22
min,22
end,22
idea,22
winter,22
orlando,22
nyc,22
delta,22
ad,21
charg,21
enjoy,21
jet,21
blue,21
destin,21
flightlat,21
avgeek,21
went,21
monday,21
might,21
life,21
while,21
impress,20
stop,20
readi,20
sw,20
easi,20
correct,20
togeth,20
respond,20
address,20
weekend,20
link,20
safeti,20
view,20
live,20
onc,20
loung,20
him,20
okay,20
fan,20
fll,20
cross,20
set,20
reason,20
beauti,20
super,20
fix,19
everyon,19
deserv,19
huge,19
access,19
wife,19
most,19
march,19
fantast,19
claim,19
inflight,19
cost,19
favorit,19
news,19
plu,19
charlott,19
rep,19
line,19
ground,19
price,19
luggag,19
thru,18
flew,18
ewr,18
read,18
which,18
announc,18
street,18
compani,18
cold,18
inform,18
under,18
hr,18
purchas,18
saw,18
battl,17
warm,17
futur,17
desk,17
birthday,17
welcom,17
answer,17
cabin,17
advisori,17
definit,17
seem,17
appli,17
high,17
handl,17
buy,17
discount,17
atl,17
such,17
social,17
pl,17
feel,17
wasnt,17
vacat,17
lt,17
sunday,16
mco,16
s,16
bwi,16
includ,16
taken,16
origin,16
true,16
imagin,16
wont,16
wow,16
virgin,16
detail,16
stay,16
media,16
visit,16
extra,16
journal,16
despit,16
gave,16
child,16
daughter,16
den,16
reflight,16
phx,16
checkin,16
group,16
standbi,16
feb,15
list,15
ladi,15
drink,15
suppos,15
believ,15
photo,15
re,15
speak,15
weve,15
oper,15
friday,15
leg,15
oscar,15
r,15
record,15
support,15
miami,15
kind,15
figur,15
finger,15
hotel,15
enough,15
parti,15
btw,15
son,15
k,15
beyond,15
car,15
lga,15
wed,14
clear,14
luck,14
yr,14
accept,14
mint,14
ice,14
fun,14
hello,14
ride,14
deliv,14
code,14
absolut,14
mom,14
around,14
daili,14
philli,14
pretti,14
between,14
afternoon,14
noth,14
saturday,14
goe,14
caus,14
row,14
frustrat,14
special,14
resolv,14
appeas,14
guess,14
part,14
dmed,14
food,14
hard,14
place,14
nonstop,14
south,14
drop,14
anyon,14
word,14
process,14
tsa,14
isnt,14
switch,14
domest,14
drive,14
cours,13
apolog,13
loyal,13
omg,13
hawaii,13
heard,13
catch,13
ur,13
tv,13
sign,13
market,13
flown,13
probabl,13
full,13
commerci,13
suggest,13
friendli,13
locat,13
snack,13
iah,13
bought,13
listen,13
case,13
must,13
storm,13
money,13
touch,13
expir,13
havent,13
tix,13
rdu,13
least,13
promo,13
fl,13
sweet,13
carrieunderwood,13
citi,13
post,13
houston,13
mind,13
flyfi,12
concern,12
prompt,12
cheer,12
until,12
stuck,12
past,12
mine,12
rais,12
asap,12
folk,12
incred,12
usair,12
tuesday,12
system,12
video,12
iphon,12
pdx,12
round,12
bird,12
dal,12
treat,12
fast,12
without,12
outstand,12
except,12
flyer,12
program,12
couldnt,12
situat,12
abov,12
jblu,12
america,12
thankyou,12
seattl,12
man,12
area,12
top,12
item,12
quickli,12
total,12
winner,12
ladygaga,12
fortunemagazin,12
mobil,11
gt,11
dmd,11
nd,11
almost,11
flyingitforward,11
effort,11
seen,11
usa,11
remind,11
note,11
either,11
smile,11
phoenix,11
girl,11
own,11
columbu,11
reschedul,11
bit,11
bc,11
theyr,11
fa,11
flightr,11
base,11
ipad,11
youv,11
mileag,11
profession,11
rate,11
sound,11
posit,11
entertain,11
uk,11
song,11
april,11
middl,11
wsj,11
notic,11
anyway,11
trueblu,10
dfwairport,10
submit,10
husband,10
secur,10
conf,10
less,10
short,10
premier,10
receipt,10
offic,10
longer,10
congrat,10
turn,10
beach,10
space,10
summer,10
frequent,10
corpor,10
condit,10
game,10
selfi,10
among,10
perfect,10
continu,10
yeah,10
p,10
sort,10
moment,10
sky,10
order,10
event,10
hook,10
n,10
australia,10
babi,10
complet,10
music,10
pictur,10
earn,10
each,10
promot,10
wouldnt,10
mexico,10
lovedragonss,10
runway,10
bday,10
hot,10
explain,10
prioriti,10
august,10
wrong,10
school,9
fill,9
form,9
reward,9
dream,9
close,9
won,9
contest,9
rr,9
myself,9
admir,9
recent,9
match,9
interest,9
t,9
track,9
hand,9
ty,9
lead,9
customerservic,9
enter,9
thnx,9
els,9
youd,9
requir,9
emerg,9
pvd,9
fine,9
assign,9
met,9
beat,9
report,9
onboard,9
cust,9
comfort,9
fault,9
disappoint,9
power,9
unitedairlin,9
dad,9
god,9
pair,9
mark,9
arrang,9
surpris,9
sleep,9
room,9
flytpa,9
repres,9
consid,8
io,8
relat,8
retriev,8
intl,8
small,8
appear,8
youll,8
file,8
captain,8
given,8
automat,8
feedback,8
david,8
eventu,8
hunt,8
anytim,8
airfar,8
liveri,8
improv,8
premium,8
affect,8
fort,8
complaint,8
rather,8
learn,8
hit,8
opportun,8
militari,8
begin,8
anywher,8
death,8
roundtrip,8
f,8
star,8
complain,8
specif,8
dividend,8
pari,8
came,8
serious,8
attent,8
blueman,8
promis,8
offici,8
brand,8
resolut,8
exactli,8
sea,8
count,8
real,8
heart,8
usual,8
itinerari,8
exampl,8
mad,8
trust,8
gonna,8
e,8
shout,8
stl,8
reach,8
layov,8
velourl,8
lauren,8
wednesday,8
greet,8
stewardess,8
combin,8
select,8
countri,8
smooth,8
type,8
matter,8
state,8
valu,8
theyv,7
global,7
terri,7
funni,7
whole,7
au,7
anniversari,7
coach,7
cover,7
choic,7
gener,7
cc,7
airplan,7
nantucket,7
degre,7
becom,7
njb,7
red,7
ontim,7
pleasant,7
applic,7
cannot,7
elev,7
tmrw,7
certif,7
kp,7
sever,7
diego,7
along,7
often,7
bet,7
mechan,7
comment,7
juan,7
accommod,7
alright,7
bonu,7
mistak,7
method,7
pic,7
honor,7
worth,7
celebr,7
digit,7
lauderdal,7
present,7
unfortun,7
children,7
flightd,7
sun,7
wheel,7
separ,7
februari,7
east,7
replac,7
sister,7
web,7
bna,7
aww,7
appl,7
eye,7
inspir,7
plz,7
portland,7
balanc,7
heathrow,7
yup,7
slc,7
yay,7
cun,7
gold,7
supervisor,7
extrem,7
regard,7
serv,7
play,7
coupl,7
aircraft,7
abq,7
mdw,7
q,7
redeem,7
dia,7
step,7
washington,7
palm,7
sale,7
nj,7
band,7
fabul,7
m,7
fyi,7
thursday,7
manag,7
amount,7
flier,7
arent,7
advantag,7
upcom,7
rerout,7
truli,7
local,7
sooner,7
fair,7
empti,7
nc,7
chairman,7
pre,7
texa,7
sat,7
spring,7
deic,6
john,6
eastern,6
breakfast,6
jb,6
terribl,6
easier,6
rapid,6
california,6
cup,6
scaveng,6
vx,6
cheap,6
black,6
danc,6
aviat,6
reimburs,6
sjc,6
sell,6
ahead,6
lhr,6
write,6
stress,6
holder,6
horribl,6
appar,6
notifi,6
addit,6
meal,6
suicid,6
teen,6
aadvantag,6
refer,6
exist,6
yea,6
anymor,6
page,6
octob,6
ft,6
tho,6
prefer,6
wo,6
comput,6
shoutout,6
volunt,6
poor,6
mileageplu,6
although,6
control,6
near,6
payment,6
brought,6
jh,6
overhead,6
die,6
benefit,6
liter,6
seek,6
americanairlin,6
divert,6
bump,6
lmao,6
counter,6
g,6
peanut,6
yo,6
transfer,6
aug,6
grand,6
surgeri,6
revenu,6
sad,6
realiz,6
partnership,6
student,6
forgot,6
confus,6
waterburi,6
republican,6
field,6
perhap,6
troubl,6
midway,6
tampa,6
rd,6
paid,6
entir,6
mess,6
florida,6
ball,6
blog,6
meet,6
side,6
canada,6
rental,6
sold,6
infant,6
xx,6
strand,6
stat,6
suit,6
low,6
across,6
rule,6
west,6
metal,6
cheaper,6
redcarpet,6
fam,6
ppl,6
advanc,6
bostonlogan,6
funer,6
pit,6
aw,6
ber,6
stuff,6
silver,6
spoke,6
whether,6
licens,6
brother,5
minor,5
januari,5
remain,5
cancun,5
md,5
age,5
within,5
shot,5
inde,5
draw,5
crowd,5
wine,5
wanna,5
none,5
donat,5
front,5
tea,5
tail,5
london,5
pr,5
afford,5
insid,5
kelli,5
chariti,5
savannah,5
pleasur,5
join,5
lufthansa,5
film,5
kept,5
design,5
puerto,5
chair,5
jvmchat,5
level,5
midnight,5
main,5
x,5
h,5
passport,5
sometim,5
hate,5
internet,5
invit,5
exit,5
lose,5
boyfriend,5
flyitforward,5
karen,5
tough,5
virginatlant,5
ey,5
explor,5
fave,5
superior,5
sunni,5
stand,5
lower,5
onto,5
stori,5
hous,5
cut,5
bank,5
coat,5
qualifi,5
cuba,5
grr,5
limit,5
york,5
pbi,5
throughout,5
nation,5
coffe,5
basic,5
merger,5
nut,5
compliment,5
delight,5
ring,5
oakland,5
recommend,5
suck,5
sju,5
buffalo,5
click,5
model,5
cri,5
agre,5
break,5
import,5
held,5
fail,5
compens,5
getaway,5
takeoff,5
mari,5
fresh,5
channel,5
mci,5
tx,5
forev,5
brandmanc,5
yep,5
utah,5
known,5
precheck,5
notif,5
guarante,5
grandma,5
attempt,5
collect,5
fit,5
rsw,5
gain,5
mail,5
shuttl,5
yvr,5
histori,5
three,5
penalti,5
colleg,5
practic,5
hubbi,5
speed,5
success,5
boss,5
ah,5
til,5
piec,5
similar,5
behind,5
develop,5
complimentari,5
gift,5
multipl,5
philippin,5
rememb,5
center,5
advic,5
remov,5
memori,5
forecast,5
raleigh,5
treatment,5
freez,5
faster,5
meant,5
easili,5
till,5
fav,5
non,5
dtw,5
educ,5
hang,5
elit,5
platinum,5
coast,5
partner,5
depend,5
golf,5
lucki,5
worker,5
train,5
five,5
enrout,5
stick,5
mention,5
preboard,5
feet,5
releas,5
outsourc,5
reagan,4
greatservic,4
seriou,4
review,4
hero,4
haiti,4
robin,4
spend,4
ton,4
enquir,4
articl,4
cloth,4
y,4
buf,4
pro,4
brilliant,4
alert,4
crewmemb,4
jan,4
waiv,4
outsid,4
novemb,4
francisco,4
baltimor,4
gari,4
sf,4
fact,4
expens,4
etc,4
anamarket,4
sincer,4
wallet,4
decis,4
biz,4
relationship,4
bdl,4
somewher,4
challeng,4
southwestairlin,4
jayvig,4
father,4
l,4
knew,4
wheelchair,4
roll,4
lap,4
toward,4
carrier,4
exact,4
face,4
angri,4
desper,4
nervou,4
teach,4
speedi,4
natur,4
print,4
logan,4
traffic,4
cute,4
fb,4
badg,4
ski,4
notch,4
hat,4
mother,4
lmfao,4
phlairport,4
bestairlin,4
carryon,4
increas,4
adopt,4
dollar,4
paint,4
hilari,4
pt,4
otherwis,4
annual,4
cater,4
truck,4
incent,4
accident,4
legal,4
courteou,4
especi,4
spell,4
predict,4
relax,4
twice,4
choos,4
ba,4
mainten,4
straight,4
overnight,4
profit,4
shoe,4
shortli,4
extens,4
httptcorfxlvkgdh,4
proud,4
sens,4
frm,4
result,4
outlet,4
qualiti,4
em,4
window,4
per,4
beer,4
glass,4
download,4
segment,4
signific,4
waiver,4
congratul,4
cali,4
angel,4
okc,4
brandloveaffair,4
color,4
bois,4
somehow,4
atlant,4
cs,4
happili,4
touchdown,4
pricey,4
disney,4
spare,4
damn,4
interview,4
legroom,4
wing,4
ella,4
pen,4
investor,4
flightst,4
test,4
initi,4
httptcofqxelbon,4
stroller,4
hire,4
ragandisney,4
whenev,4
road,4
ohar,4
chees,4
rel,4
comp,4
economi,4
nope,4
howev,4
push,4
rang,4
grate,4
strong,4
fat,4
patient,4
spread,4
zone,4
merg,4
tpa,4
dallaslovefield,4
assum,4
anticip,4
race,4
fall,4
solv,4
letter,4
chase,4
approach,4
formal,4
perform,4
flightat,4
gotta,4
machin,4
bill,4
wear,4
httpstcoflfulcbq,4
airbu,4
tab,4
ktn,4
kindl,4
camera,4
bereav,4
cmh,4
june,4
broken,4
tourist,4
walk,4
shut,4
nassau,4
membership,4
flat,4
featur,4
flyohar,4
fortun,4
guest,4
chocol,4
singl,4
concert,4
laptop,4
shouldnt,4
allianc,4
europ,4
wind,4
kick,4
gogo,4
refresh,4
chat,4
weird,4
jt,4
juli,4
forget,4
memphi,3
badli,3
law,3
white,3
paper,3
directli,3
trade,3
fra,3
cont,3
cellphon,3
retir,3
pop,3
felt,3
wmcactionnew,3
mem,3
calgari,3
simpli,3
nytim,3
recoveri,3
pittsburgh,3
o,3
privat,3
kinda,3
product,3
bf,3
happycustom,3
expand,3
major,3
heavili,3
excus,3
settl,3
water,3
jump,3
tire,3
dog,3
en,3
rn,3
broke,3
plat,3
amen,3
pj,3
arizona,3
philadelphia,3
numer,3
flightli,3
gf,3
personnel,3
commun,3
journey,3
variou,3
kingscollegelondon,3
jailbreak,3
rag,3
ga,3
gorgeou,3
capaavi,3
nearbi,3
scott,3
rico,3
msp,3
hung,3
saver,3
bar,3
airlinegeek,3
gr,3
loyalti,3
fallow,3
health,3
charter,3
pitt,3
sacramento,3
minneapoli,3
function,3
four,3
prevent,3
santa,3
spot,3
tremend,3
discuss,3
mastercard,3
gma,3
consider,3
miracl,3
friendliest,3
wheelsup,3
stream,3
emboss,3
patch,3
joke,3
gosh,3
toddler,3
financi,3
salt,3
cleveland,3
christma,3
shit,3
bagag,3
commit,3
evalu,3
certainli,3
bin,3
host,3
ethiopia,3
glasgow,3
americanview,3
engag,3
expedit,3
detroit,3
overbook,3
distribut,3
zero,3
roxydigit,3
eta,3
border,3
town,3
hurt,3
allergi,3
impact,3
bottl,3
unlik,3
lieflat,3
menu,3
ind,3
closest,3
button,3
aruba,3
ff,3
copi,3
birth,3
lo,3
nh,3
china,3
boot,3
deliveri,3
na,3
boe,3
ran,3
hug,3
hassl,3
mission,3
load,3
woaw,3
plate,3
httptcowbzorrnc,3
humor,3
lovejetblu,3
sanfrancisco,3
sobewff,3
xdaili,3
msi,3
jp,3
jeokoo,3
honest,3
nah,3
httptcoojrsdwpkk,3
prior,3
globe,3
ny,3
huh,3
standard,3
vincenzolandino,3
bound,3
bless,3
heathrowairport,3
failur,3
edit,3
nicest,3
dept,3
doubl,3
bu,3
hospit,3
forth,3
bestfriend,3
tag,3
youth,3
further,3
plough,3
lone,3
furrow,3
middleeast,3
thenationalua,3
reunit,3
light,3
fastest,3
bff,3
sm,3
madrid,3
bwiairport,3
blame,3
project,3
ahhhh,3
inconveni,3
happier,3
tarmac,3
half,3
alist,3
va,3
decemb,3
odd,3
prais,3
coupon,3
tight,3
gracia,3
richard,3
contain,3
mke,3
uniform,3
jetba,3
content,3
creat,3
albuquerqu,3
pn,3
specifi,3
attach,3
bogota,3
cowork,3
ase,3
sweetheart,3
acknowledg,3
woman,3
lifetim,3
orlean,3
sna,3
hahaha,3
parent,3
tax,3
perfectomobil,3
transport,3
alex,3
grandfath,3
soft,3
bae,3
rain,3
mardigra,3
industri,3
hnl,3
clean,3
sunshin,3
gent,3
headphon,3
indianapoli,3
girlfriend,3
hou,3
tnx,3
curiou,3
oct,3
await,3
shannon,3
respect,3
integr,3
guitar,3
holi,3
flip,3
research,3
previou,3
fc,3
sunris,3
ms,3
accur,3
pax,3
defin,3
certain,3
httptcoaqjnhwnac,3
negoti,3
opal,3
ali,3
woven,3
murder,3
mi,3
taxi,3
fella,3
proper,3
terrif,3
awww,3
patienc,3
captur,3
approv,3
slow,3
septemb,3
equip,3
bummer,3
young,3
monitor,3
survey,3
pillow,3
lovesongfriday,3
urgent,3
rude,3
problemss,3
organ,3
enrol,3
error,3
bahama,3
northeast,3
rest,3
charleston,3
delayscancel,3
greatest,3
mia,3
unbeliev,3
smoothli,3
delet,3
alaska,3
clarifi,3
unveil,3
ohio,3
annricord,3
pa,3
oneway,3
cheapflight,3
farecompar,3
million,3
higher,3
tb,3
antonio,3
staralli,3
punta,3
cana,3
um,3
medic,3
clarif,3
visa,3
painless,3
version,3
turbul,3
pull,3
hpn,3
understood,3
quot,3
data,3
jetbluesofli,3
dear,3
document,3
oak,3
usatoday,3
luvswa,3
jose,3
extend,3
boy,3
theellenshow,3
protect,3
custserv,3
ric,3
xweekli,3
ps,3
pack,3
harbor,3
van,3
sing,3
guid,3
technic,3
easiest,3
recheck,3
door,3
spirit,3
acct,3
pet,3
frankfurt,3
magic,3
password,3
shown,3
whatev,3
activ,3
common,3
deplan,3
daytona,3
lie,3
jeff,3
birmingham,3
winterweath,3
andrew,3
loui,3
unabl,3
jacket,3
rent,3
deni,3
anthoni,3
explan,3
client,3
nonprofit,3
restrict,3
sunset,3
text,3
weight,3
triflight,3
snowboard,3
heavi,3
mn,3
inch,3
luckili,3
execut,3
graduat,2
crash,2
folder,2
susan,2
mayweatherpacquiao,2
v,2
princ,2
relief,2
elderli,2
overs,2
pure,2
tim,2
youyou,2
moon,2
act,2
six,2
whoa,2
charact,2
sand,2
ellahenderson,2
southwestver,2
gg,2
bora,2
expedia,2
colombia,2
nearli,2
laugh,2
action,2
satisfi,2
stranger,2
chip,2
reboot,2
dispatch,2
heaven,2
handi,2
rollercoast,2
tammi,2
wn,2
agenc,2
j,2
amex,2
jkf,2
lit,2
momsgoodeat,2
kit,2
lord,2
style,2
regist,2
larg,2
purpos,2
dine,2
httpstcooquksoso,2
subscrib,2
janet,2
shannonwoodward,2
nerd,2
geek,2
obvious,2
valid,2
rare,2
bhm,2
cowboycerron,2
centric,2
peac,2
inbound,2
describ,2
island,2
gmail,2
op,2
unexpect,2
freq,2
andor,2
lookin,2
cash,2
sadli,2
elsewher,2
clue,2
fund,2
mountain,2
natca,2
helacohlc,2
activitiesprevent,2
condomrito,2
familyw,2
resol,2
opinion,2
louisvil,2
inbox,2
forc,2
wld,2
physic,2
theyll,2
input,2
entri,2
bucket,2
ashley,2
marri,2
proceed,2
postcod,2
bay,2
rockstar,2
silicon,2
valley,2
festiv,2
sept,2
battierccipuppi,2
strip,2
stoke,2
lane,2
aspen,2
dude,2
crazi,2
consist,2
troubadour,2
hop,2
httptcoeeofthgaj,2
leinenkugel,2
goodflight,2
normal,2
vetr,2
inc,2
dakota,2
login,2
occas,2
avoid,2
skateboard,2
histor,2
afteral,2
tear,2
analyst,2
legaci,2
inquir,2
perth,2
scheme,2
warn,2
shawn,2
coordin,2
caribbean,2
insan,2
incom,2
fell,2
asleep,2
jj,2
hungri,2
villag,2
rectifi,2
flyswa,2
denverairport,2
abil,2
neworlean,2
confer,2
lesson,2
jaclax,2
pump,2
exchang,2
newli,2
oppos,2
larri,2
fight,2
al,2
amazingli,2
nasdaq,2
oz,2
inclement,2
park,2
swamp,2
frontrunn,2
avon,2
doug,2
dcoadavon,2
bestflightev,2
sammijon,2
lift,2
uncomfort,2
theyd,2
woohoo,2
awar,2
ath,2
accomplish,2
tweeter,2
blackhistorymonth,2
etern,2
tonit,2
phenomen,2
rise,2
seatback,2
engin,2
cvgairport,2
dublin,2
giant,2
rachel,2
sexi,2
argentina,2
kill,2
orangecounti,2
yesso,2
enterpris,2
aadfw,2
amso,2
trvlove,2
mideast,2
flower,2
fab,2
myer,2
ricoh,2
sc,2
cabo,2
movi,2
haul,2
belfast,2
buck,2
warmth,2
neither,2
reflect,2
est,2
booz,2
brian,2
observ,2
grab,2
carousel,2
friendlyski,2
oui,2
dean,2
norma,2
sedholm,2
jfklax,2
cream,2
smoothest,2
dming,2
blown,2
antigua,2
umosaicmecrazi,2
carol,2
secret,2
scam,2
chasefost,2
resend,2
sigh,2
hay,2
tue,2
joanna,2
chill,2
untz,2
season,2
rescu,2
snowi,2
portfolio,2
reset,2
shop,2
fashion,2
newyork,2
swag,2
dig,2
singer,2
tom,2
india,2
steve,2
entranc,2
msg,2
slide,2
httptcoywxrfngr,2
thatd,2
statement,2
jeanin,2
laguardia,2
risk,2
accid,2
rough,2
magazin,2
behavior,2
cot,2
registr,2
bestairlineev,2
hub,2
turkish,2
plastic,2
jacksonvil,2
meh,2
pat,2
blanket,2
chef,2
miguel,2
de,2
allend,2
httptcotrdrcr,2
yyz,2
budget,2
ident,2
anchorag,2
highli,2
admit,2
httptcoenaxbu,2
popul,2
glitch,2
deflat,2
chapter,2
amm,2
bluman,2
dallasnew,2
plain,2
profil,2
alon,2
sdf,2
bro,2
instagram,2
map,2
chief,2
cousin,2
espinosa,2
httptcohxlnvzknp,2
pwm,2
screenshot,2
crisi,2
avert,2
clarenc,2
floor,2
dnt,2
companionpass,2
horriblew,2
flightno,2
buttonthatcal,2
ampwait,2
minsampput,2
calledampit,2
hungupnohelp,2
unus,2
honey,2
roast,2
bourbon,2
bold,2
frequentfly,2
swadivers,2
googl,2
chrome,2
bruh,2
dalau,2
doke,2
warmer,2
eat,2
aboard,2
neighbor,2
savethediagon,2
kax,2
difficult,2
incompet,2
rhonda,2
littlebird,2
aaba,2
karajusto,2
compar,2
theacademi,2
clarkey,2
biggi,2
orbitz,2
xoxo,2
oregon,2
birthdat,2
mr,2
particularli,2
bonus,2
necessari,2
nasdaqjblu,2
woo,2
chao,2
filmcrew,2
yummi,2
durango,2
mt,2
saniti,2
rocki,2
display,2
goingforgreat,2
reduc,2
pleasantli,2
energi,2
itali,2
httptcovhgkitzsaw,2
kul,2
women,2
barbara,2
blew,2
internship,2
robertdwy,2
effici,2
mattersit,2
austinairport,2
killeen,2
momma,2
instal,2
path,2
emb,2
spent,2
storag,2
gal,2
ogg,2
thick,2
henc,2
professorpaul,2
jim,2
sentinel,2
arm,2
dull,2
flyerfriendli,2
ooh,2
connector,2
dead,2
hartford,2
downtown,2
squar,2
lowest,2
ual,2
dre,2
shame,2
recov,2
bitch,2
addl,2
fake,2
search,2
ninadavuluri,2
eco,2
ch,2
shouldv,2
rumor,2
letsgo,2
boeingairplan,2
thousand,2
freyabevanfund,2
cancer,2
freyasfund,2
flylaxairport,2
heat,2
establish,2
inappropri,2
mandarinjourney,2
attende,2
advis,2
lung,2
measur,2
agt,2
ourselv,2
regul,2
boo,2
gestur,2
vibe,2
moodlight,2
sciencebehindtheexperi,2
split,2
sld,2
written,2
innov,2
bizarr,2
screen,2
north,2
httpstcodbcvepnqc,2
corevalu,2
passion,2
aerojobmarket,2
iamtedk,2
beantownmatti,2
princesshalf,2
poorli,2
attitud,2
rip,2
scale,2
manchest,2
dallasaustin,2
continent,2
amongst,2
employ,2
convers,2
spoil,2
sport,2
businessfirst,2
jamaica,2
wut,2
orf,2
ardent,2
poughkeepsi,2
resum,2
cheesi,2
cb,2
steal,2
wkrb,2
revers,2
goal,2
httptcovmquurzupw,2
effect,2
milan,2
apr,2
sayin,2
devic,2
vinyl,2
altitud,2
pocket,2
tu,2
Ê–,2
amazon,2
plug,2
snag,2
overal,2
puppi,2
wc,2
tide,2
nerdbird,2
sick,2
ta,2
contract,2
bohol,2
smh,2
abt,2
hell,2
maryellagreen,2
usairwaysfail,2
jam,2
az,2
omaha,2
frank,2
warrior,2
ici,2
followback,2
hannah,2
requiressh,2
helppl,2
donatert,2
restr,2
equal,2
cheat,2
sleekmoney,2
stellar,2
pant,2
court,2
tablet,2
embraersa,2
michaelbcoleman,2
regular,2
dullesairport,2
gone,2
gogh,2
bkk,2
gray,2
vaca,2
kn,2
legit,2
ya,2
ordpvg,2
gotten,2
beatsmus,2
loser,2
vinylvega,2
faith,2
itll,2
gotcha,2
deck,2
bush,2
awe,2
threaten,2
havana,2
random,2
kitti,2
boom,2
counti,2
cloud,2
mph,2
impend,2
ffl,2
reinstat,2
chicken,2
dinner,2
svc,2
robert,2
ca,2
portion,2
bug,2
wrap,2
lil,2
desir,2
pound,2
ass,2
truebluelov,2
ann,2
aka,2
boatstyl,2
swivel,2
dietcok,2
happyfli,2
mht,2
stair,2
distanc,2
clever,2
dawn,2
dramat,2
ftw,2
capt,2
abc,2
network,2
ahold,2
cockpit,2
backup,2
trustget,2
curios,2
mc,2
etihad,2
perman,2
exec,2
bottom,2
western,2
recognit,2
shall,2
regardless,2
tray,2
tabl,2
duti,2
sydney,2
sooo,2
noplacelikehom,2
pandora,2
immedi,2
referr,2
toledo,2
phxskyharbor,2
crave,2
flynashvil,2
refrain,2
darn,2
ourprincess,2
owe,2
hashtag,2
dang,2
recruit,2
msbgu,2
firstclass,2
prom,2
forgiven,2
ll,2
prop,2
cmon,2
lan,2
brandssayingba,2
def,2
particip,2
brave,2
laxgtjfk,2
lisa,2
erj,2
fraud,2
opposit,2
key,2
gfc,2
cushion,2
seatac,2
photographi,2
jetbluerock,2
fo,2
tradit,2
taylor,2
guidelin,2
hawaiian,2
broadway,2
scienc,2
volum,2
woof,2
competitor,2
glove,2
maria,2
beani,2
httptcoaneqxzrbp,2
smell,2
thanx,2
constantli,2
airnzusa,2
origindestinationd,2
lunch,2
mvp,2
finish,2
intercom,2
idk,2
tip,2
ondemand,2
ho,2
voic,2
ugh,2
medal,2
jason,2
tool,2
skin,2
jedediahbila,2
finest,2
recogn,2
rifl,2
formula,2
divid,2
realtim,2
auh,2
lucia,2
duffl,2
math,2
promptli,2
michel,2
miriam,2
goodnight,2
princess,2
hotspot,2
cake,2
downgrad,2
maiden,2
faa,2
provo,2
wast,2
carpet,2
tel,2
citizen,2
lasairport,2
frontier,2
applepay,2
grk,2
lex,2
cal,2
diff,2
yvonn,2
graphic,2
ador,2
yourselv,2
competit,2
beverag,2
mon,2
pbpinftworth,2
gb,2
mxpjfk,2
swu,2
sprint,2
gaga,2
kewl,2
upon,2
kiosk,2
estim,2
nm,2
cebu,2
hayleymad,2
smisek,2
logo,2
weatherrel,2
maysep,2
eyw,2
pattern,2
dest,2
isi,2
quiet,2
nwn,2
disabl,2
exp,2
vallarta,2
adult,2
ail,2
swiss,2
midland,2
evouch,2
nsw,2
yearli,2
dominican,2
dark,2
obj,2
indi,2
httptcoetfjqiwuvt,2
surviv,2
